INSERT INTO categories (id, category_name, created_at) VALUES ('944fe3ef-2236-5e5d-8b0d-67e3a244e628', 'Luxury Watches', NOW()) ON CONFLICT (id) DO NOTHING;
INSERT INTO products (id, sku, product_name, brand, category_id, price, description, qr_value, created_at) VALUES ('ffa89759-3754-57b0-8cb0-951aa893873d', 'SKU-RLX-SUB', 'Rolex Submariner', 'Rolex', '944fe3ef-2236-5e5d-8b0d-67e3a244e628', 10500.0, 'Classic professional divers watch', 'RLX-SUB', NOW()) ON CONFLICT (id) DO NOTHING;
INSERT INTO products (id, sku, product_name, brand, category_id, price, description, qr_value, created_at) VALUES ('b93c9037-e45c-5616-b6c5-251b9d07fd2c', 'SKU-RLX-DAY', 'Rolex Daytona', 'Rolex', '944fe3ef-2236-5e5d-8b0d-67e3a244e628', 15100.0, 'Iconic luxury chronograph watch', 'RLX-DAY', NOW()) ON CONFLICT (id) DO NOTHING;
INSERT INTO products (id, sku, product_name, brand, category_id, price, description, qr_value, created_at) VALUES ('82b8019f-6f5e-54d0-90a4-154c21eb7662', 'SKU-TTN-EDG', 'Titan Edge', 'Titan', '944fe3ef-2236-5e5d-8b0d-67e3a244e628', 250.0, 'Ultra-slim elegant dress watch', 'TTN-EDG', NOW()) ON CONFLICT (id) DO NOTHING;
INSERT INTO products (id, sku, product_name, brand, category_id, price, description, qr_value, created_at) VALUES ('2854e7f2-2a30-5188-b6f8-2a27cdb80756', 'SKU-TTN-RGL', 'Titan Regalia', 'Titan', '944fe3ef-2236-5e5d-8b0d-67e3a244e628', 450.0, 'Premium gold-plated designer watch', 'TTN-RGL', NOW()) ON CONFLICT (id) DO NOTHING;
INSERT INTO products (id, sku, product_name, brand, category_id, price, description, qr_value, created_at) VALUES ('2d871ed0-b8d0-5735-a3ae-2ec6939bbb7c', 'SKU-BFL-CHR', 'Bafila Chronograph', 'Bafila', '944fe3ef-2236-5e5d-8b0d-67e3a244e628', 1200.0, 'Custom bespoke luxury chronograph', 'BFL-CHR', NOW()) ON CONFLICT (id) DO NOTHING;
INSERT INTO products (id, sku, product_name, brand, category_id, price, description, qr_value, created_at) VALUES ('71d9e7f4-b6e9-5c05-88f3-60058fe88636', 'SKU-BFL-PRS', 'Bafila Prestige', 'Bafila', '944fe3ef-2236-5e5d-8b0d-67e3a244e628', 3500.0, 'High-end automatic custom timepiece', 'BFL-PRS', NOW()) ON CONFLICT (id) DO NOTHING;
INSERT INTO products (id, sku, product_name, brand, category_id, price, description, qr_value, created_at) VALUES ('2b699e43-ef17-5ff6-ab91-50f36b4ebc19', 'SKU-APL-ULT', 'Apple Watch Ultra', 'Apple', '944fe3ef-2236-5e5d-8b0d-67e3a244e628', 799.0, 'Rugged smartwatch for athletes and adventurers', 'APL-ULT', NOW()) ON CONFLICT (id) DO NOTHING;
INSERT INTO products (id, sku, product_name, brand, category_id, price, description, qr_value, created_at) VALUES ('d2395c46-7bc4-5499-80c2-0c7134b06b6e', 'SKU-APL-S9', 'Apple Watch Series 9', 'Apple', '944fe3ef-2236-5e5d-8b0d-67e3a244e628', 399.0, 'Advanced health monitoring smartwatch', 'APL-S9', NOW()) ON CONFLICT (id) DO NOTHING;
INSERT INTO products (id, sku, product_name, brand, category_id, price, description, qr_value, created_at) VALUES ('80e7a593-5539-54f1-8478-009475d441a7', 'SKU-CAS-GSH', 'Casio G-Shock', 'Casio', '944fe3ef-2236-5e5d-8b0d-67e3a244e628', 150.0, 'Indestructible shock-resistant sports watch', 'CAS-GSH', NOW()) ON CONFLICT (id) DO NOTHING;
INSERT INTO products (id, sku, product_name, brand, category_id, price, description, qr_value, created_at) VALUES ('c9f4f6e7-f9a0-59a5-b08e-553092f05b27', 'SKU-SEI-ALP', 'Seiko Alpinist', 'Seiko', '944fe3ef-2236-5e5d-8b0d-67e3a244e628', 750.0, 'Automatic land-adventure mechanical watch', 'SEI-ALP', NOW()) ON CONFLICT (id) DO NOTHING;
INSERT INTO products (id, sku, product_name, brand, category_id, price, description, qr_value, created_at) VALUES ('d6e64ae9-d551-5199-9612-6c7c659a833b', 'SKU-RLX-DJT', 'Rolex Datejust', 'Rolex', '944fe3ef-2236-5e5d-8b0d-67e3a244e628', 8500.0, 'Classic elegant luxury dress watch', 'RLX-DJT', NOW()) ON CONFLICT (id) DO NOTHING;
INSERT INTO products (id, sku, product_name, brand, category_id, price, description, qr_value, created_at) VALUES ('33c6e3d6-3f23-591a-8fd8-4cb3f519217f', 'SKU-TTN-OCT', 'Titan Octane', 'Titan', '944fe3ef-2236-5e5d-8b0d-67e3a244e628', 180.0, 'Sporty chronograph watch with metal strap', 'TTN-OCT', NOW()) ON CONFLICT (id) DO NOTHING;
INSERT INTO products (id, sku, product_name, brand, category_id, price, description, qr_value, created_at) VALUES ('159f31e9-17d0-53ed-aaab-a04570e9a22b', 'SKU-BFL-ELG', 'Bafila Elegance', 'Bafila', '944fe3ef-2236-5e5d-8b0d-67e3a244e628', 1800.0, 'Minimalist automatic custom dress watch', 'BFL-ELG', NOW()) ON CONFLICT (id) DO NOTHING;
INSERT INTO products (id, sku, product_name, brand, category_id, price, description, qr_value, created_at) VALUES ('fe7d492f-dfe2-5806-b400-322bbbf648f0', 'SKU-CAS-EDF', 'Casio Edifice', 'Casio', '944fe3ef-2236-5e5d-8b0d-67e3a244e628', 220.0, 'Sophisticated sports chronograph with smartphone link', 'CAS-EDF', NOW()) ON CONFLICT (id) DO NOTHING;
INSERT INTO products (id, sku, product_name, brand, category_id, price, description, qr_value, created_at) VALUES ('eac38e9d-0baa-5516-b7a3-382567a0537b', 'SKU-OMG-SPD', 'Omega Speedmaster', 'Omega', '944fe3ef-2236-5e5d-8b0d-67e3a244e628', 7600.0, 'Famous mechanical chronograph "Moonwatch"', 'OMG-SPD', NOW()) ON CONFLICT (id) DO NOTHING;
INSERT INTO stores (id, store_name, city, country, status, created_at) VALUES ('e846d7ad-a126-5228-a333-c2adb3ea1716', 'Boutique STORE004', 'City STORE004', 'India', 'Active', NOW()) ON CONFLICT (id) DO NOTHING;
INSERT INTO stores (id, store_name, city, country, status, created_at) VALUES ('c51b3108-5442-56cc-9ace-a261ba544fdc', 'Boutique STORE005', 'City STORE005', 'India', 'Active', NOW()) ON CONFLICT (id) DO NOTHING;
INSERT INTO users (id, full_name, username, password, role_id, email, is_verified, created_at) VALUES ('18fa52f4-18c3-5065-8da7-fb0ee7c1ec24', 'Central Inventory Controller (Demo)', 'controller', 'password123', 'c0aa841a-7c57-43f9-b98a-523475ba43af', 'controller@rsms.com', true, NOW()) ON CONFLICT (id) DO NOTHING;
INSERT INTO users (id, full_name, username, password, role_id, email, is_verified, created_at) VALUES ('4acff73d-efbe-5feb-a495-59e5a8663501', 'Manager USR2001', 'manager_usr2001', 'password123', 'b24abda2-b031-4548-8641-8511ec2bfff0', 'manager_usr2001@rsms.com', true, NOW()) ON CONFLICT (id) DO NOTHING;
INSERT INTO users (id, full_name, username, password, role_id, email, is_verified, created_at) VALUES ('be098895-c067-5837-bc3f-d937a716c97d', 'Manager USR2002', 'manager_usr2002', 'password123', 'b24abda2-b031-4548-8641-8511ec2bfff0', 'manager_usr2002@rsms.com', true, NOW()) ON CONFLICT (id) DO NOTHING;
INSERT INTO users (id, full_name, username, password, role_id, email, is_verified, created_at) VALUES ('7a61837f-dc7f-51fe-a06d-25d4953a77e6', 'Manager USR2003', 'manager_usr2003', 'password123', 'b24abda2-b031-4548-8641-8511ec2bfff0', 'manager_usr2003@rsms.com', true, NOW()) ON CONFLICT (id) DO NOTHING;
INSERT INTO users (id, full_name, username, password, role_id, email, is_verified, created_at) VALUES ('fbf7118b-251a-59d9-b1da-d748075cded5', 'Manager USR2004', 'manager_usr2004', 'password123', 'b24abda2-b031-4548-8641-8511ec2bfff0', 'manager_usr2004@rsms.com', true, NOW()) ON CONFLICT (id) DO NOTHING;
INSERT INTO users (id, full_name, username, password, role_id, email, is_verified, created_at) VALUES ('ff581bae-94c5-5553-b38d-b8776c0c57a9', 'Manager USR2005', 'manager_usr2005', 'password123', 'b24abda2-b031-4548-8641-8511ec2bfff0', 'manager_usr2005@rsms.com', true, NOW()) ON CONFLICT (id) DO NOTHING;
INSERT INTO users (id, full_name, username, password, role_id, email, is_verified, created_at) VALUES ('76cd99df-94a9-5352-bbb4-3650f163f724', 'Manager USR2006', 'manager_usr2006', 'password123', 'b24abda2-b031-4548-8641-8511ec2bfff0', 'manager_usr2006@rsms.com', true, NOW()) ON CONFLICT (id) DO NOTHING;
INSERT INTO users (id, full_name, username, password, role_id, email, is_verified, created_at) VALUES ('b5d4dcea-ddab-51bf-bccc-18f2510a937b', 'Manager USR2007', 'manager_usr2007', 'password123', 'b24abda2-b031-4548-8641-8511ec2bfff0', 'manager_usr2007@rsms.com', true, NOW()) ON CONFLICT (id) DO NOTHING;
INSERT INTO users (id, full_name, username, password, role_id, email, is_verified, created_at) VALUES ('78ef4288-eb63-5163-b2ce-cf3c837f730c', 'Manager USR2008', 'manager_usr2008', 'password123', 'b24abda2-b031-4548-8641-8511ec2bfff0', 'manager_usr2008@rsms.com', true, NOW()) ON CONFLICT (id) DO NOTHING;
INSERT INTO users (id, full_name, username, password, role_id, email, is_verified, created_at) VALUES ('4740a01d-2f0f-51e3-84af-26c3e1b3a010', 'Manager USR2009', 'manager_usr2009', 'password123', 'b24abda2-b031-4548-8641-8511ec2bfff0', 'manager_usr2009@rsms.com', true, NOW()) ON CONFLICT (id) DO NOTHING;
INSERT INTO users (id, full_name, username, password, role_id, email, is_verified, created_at) VALUES ('07e41bd1-af7d-5ac5-8ab5-365a46c0f8e2', 'Manager USR2010', 'manager_usr2010', 'password123', 'b24abda2-b031-4548-8641-8511ec2bfff0', 'manager_usr2010@rsms.com', true, NOW()) ON CONFLICT (id) DO NOTHING;
INSERT INTO users (id, full_name, username, password, role_id, email, is_verified, created_at) VALUES ('a97e4bd4-74de-55a8-81ed-2f8efd41aa82', 'Manager USR2011', 'manager_usr2011', 'password123', 'b24abda2-b031-4548-8641-8511ec2bfff0', 'manager_usr2011@rsms.com', true, NOW()) ON CONFLICT (id) DO NOTHING;
INSERT INTO users (id, full_name, username, password, role_id, email, is_verified, created_at) VALUES ('9df52100-3d1a-56f1-96dd-e22d0d1c78ed', 'Manager USR2012', 'manager_usr2012', 'password123', 'b24abda2-b031-4548-8641-8511ec2bfff0', 'manager_usr2012@rsms.com', true, NOW()) ON CONFLICT (id) DO NOTHING;
INSERT INTO users (id, full_name, username, password, role_id, email, is_verified, created_at) VALUES ('978af2c3-1368-55ac-a691-3f43d7780446', 'Manager USR2013', 'manager_usr2013', 'password123', 'b24abda2-b031-4548-8641-8511ec2bfff0', 'manager_usr2013@rsms.com', true, NOW()) ON CONFLICT (id) DO NOTHING;
INSERT INTO users (id, full_name, username, password, role_id, email, is_verified, created_at) VALUES ('3e69a6fe-d675-5bf4-8648-de545a20e5c4', 'Manager USR2014', 'manager_usr2014', 'password123', 'b24abda2-b031-4548-8641-8511ec2bfff0', 'manager_usr2014@rsms.com', true, NOW()) ON CONFLICT (id) DO NOTHING;
INSERT INTO users (id, full_name, username, password, role_id, email, is_verified, created_at) VALUES ('616074b3-a876-57b7-bfc2-3c9c5ddb0ea9', 'Manager USR2015', 'manager_usr2015', 'password123', 'b24abda2-b031-4548-8641-8511ec2bfff0', 'manager_usr2015@rsms.com', true, NOW()) ON CONFLICT (id) DO NOTHING;
INSERT INTO warehouses (id, warehouse_name, city, status, created_at) VALUES ('6cb2b5b0-d922-5c7d-84cd-cadce836d54b', 'Central Warehouse', 'Mumbai', 'Active', '2026-06-01 09:00:00') ON CONFLICT (id) DO NOTHING;
INSERT INTO inventory (id, product_id, store_id, warehouse_id, location_type, quantity, reorder_level, created_at) VALUES ('bfbc01a6-2d5d-54bc-8cca-91cac601148f', 'ffa89759-3754-57b0-8cb0-951aa893873d', NULL, '6cb2b5b0-d922-5c7d-84cd-cadce836d54b', 'Warehouse', 25, 30, '2026-06-01 09:00:00') ON CONFLICT (id) DO NOTHING;
INSERT INTO inventory (id, product_id, store_id, warehouse_id, location_type, quantity, reorder_level, created_at) VALUES ('8c0e0b55-e3f1-53a8-acdc-be56aa91e931', 'b93c9037-e45c-5616-b6c5-251b9d07fd2c', NULL, '6cb2b5b0-d922-5c7d-84cd-cadce836d54b', 'Warehouse', 30, 30, '2026-06-02 09:00:00') ON CONFLICT (id) DO NOTHING;
INSERT INTO inventory (id, product_id, store_id, warehouse_id, location_type, quantity, reorder_level, created_at) VALUES ('d6857b12-04ad-52da-ac5c-03ca395fab5f', '82b8019f-6f5e-54d0-90a4-154c21eb7662', NULL, '6cb2b5b0-d922-5c7d-84cd-cadce836d54b', 'Warehouse', 35, 30, '2026-06-03 09:00:00') ON CONFLICT (id) DO NOTHING;
INSERT INTO inventory (id, product_id, store_id, warehouse_id, location_type, quantity, reorder_level, created_at) VALUES ('2551bc05-2560-55a4-802a-235adf84eb45', '2854e7f2-2a30-5188-b6f8-2a27cdb80756', NULL, '6cb2b5b0-d922-5c7d-84cd-cadce836d54b', 'Warehouse', 40, 30, '2026-06-04 09:00:00') ON CONFLICT (id) DO NOTHING;
INSERT INTO inventory (id, product_id, store_id, warehouse_id, location_type, quantity, reorder_level, created_at) VALUES ('d64a1df8-db06-5ee3-a35b-0bb1f51fb4e8', '2d871ed0-b8d0-5735-a3ae-2ec6939bbb7c', NULL, '6cb2b5b0-d922-5c7d-84cd-cadce836d54b', 'Warehouse', 45, 30, '2026-06-05 09:00:00') ON CONFLICT (id) DO NOTHING;
INSERT INTO inventory (id, product_id, store_id, warehouse_id, location_type, quantity, reorder_level, created_at) VALUES ('1336cfdd-b55f-5522-9258-104282bce7e7', '71d9e7f4-b6e9-5c05-88f3-60058fe88636', NULL, '6cb2b5b0-d922-5c7d-84cd-cadce836d54b', 'Warehouse', 50, 30, '2026-06-06 09:00:00') ON CONFLICT (id) DO NOTHING;
INSERT INTO inventory (id, product_id, store_id, warehouse_id, location_type, quantity, reorder_level, created_at) VALUES ('028506a3-e9c3-56a1-acce-bedb57fdfd94', '2b699e43-ef17-5ff6-ab91-50f36b4ebc19', NULL, '6cb2b5b0-d922-5c7d-84cd-cadce836d54b', 'Warehouse', 55, 30, '2026-06-07 09:00:00') ON CONFLICT (id) DO NOTHING;
INSERT INTO inventory (id, product_id, store_id, warehouse_id, location_type, quantity, reorder_level, created_at) VALUES ('370f1a94-96f3-5081-b0f5-265d7d12f53f', 'd2395c46-7bc4-5499-80c2-0c7134b06b6e', NULL, '6cb2b5b0-d922-5c7d-84cd-cadce836d54b', 'Warehouse', 60, 30, '2026-06-08 09:00:00') ON CONFLICT (id) DO NOTHING;
INSERT INTO inventory (id, product_id, store_id, warehouse_id, location_type, quantity, reorder_level, created_at) VALUES ('2cb0c3a8-08a8-5012-b97f-8c05a4ac21e5', '80e7a593-5539-54f1-8478-009475d441a7', NULL, '6cb2b5b0-d922-5c7d-84cd-cadce836d54b', 'Warehouse', 65, 30, '2026-06-09 09:00:00') ON CONFLICT (id) DO NOTHING;
INSERT INTO inventory (id, product_id, store_id, warehouse_id, location_type, quantity, reorder_level, created_at) VALUES ('a4ac5564-5639-580c-a9f1-d8cba95d4ac8', 'c9f4f6e7-f9a0-59a5-b08e-553092f05b27', NULL, '6cb2b5b0-d922-5c7d-84cd-cadce836d54b', 'Warehouse', 70, 30, '2026-06-10 09:00:00') ON CONFLICT (id) DO NOTHING;
INSERT INTO inventory (id, product_id, store_id, warehouse_id, location_type, quantity, reorder_level, created_at) VALUES ('afe4bd27-2b5f-5b67-80de-a703b283daf9', 'd6e64ae9-d551-5199-9612-6c7c659a833b', NULL, '6cb2b5b0-d922-5c7d-84cd-cadce836d54b', 'Warehouse', 75, 30, '2026-06-11 09:00:00') ON CONFLICT (id) DO NOTHING;
INSERT INTO inventory (id, product_id, store_id, warehouse_id, location_type, quantity, reorder_level, created_at) VALUES ('834eccc5-8c2f-5e9b-adfd-dae139823f0b', '33c6e3d6-3f23-591a-8fd8-4cb3f519217f', NULL, '6cb2b5b0-d922-5c7d-84cd-cadce836d54b', 'Warehouse', 80, 30, '2026-06-12 09:00:00') ON CONFLICT (id) DO NOTHING;
INSERT INTO inventory (id, product_id, store_id, warehouse_id, location_type, quantity, reorder_level, created_at) VALUES ('2002d914-c791-5b26-a92a-7ad40df73b56', '159f31e9-17d0-53ed-aaab-a04570e9a22b', NULL, '6cb2b5b0-d922-5c7d-84cd-cadce836d54b', 'Warehouse', 85, 30, '2026-06-13 09:00:00') ON CONFLICT (id) DO NOTHING;
INSERT INTO inventory (id, product_id, store_id, warehouse_id, location_type, quantity, reorder_level, created_at) VALUES ('a42748a2-f765-5f5a-ac9e-302ba1e03cc8', 'fe7d492f-dfe2-5806-b400-322bbbf648f0', NULL, '6cb2b5b0-d922-5c7d-84cd-cadce836d54b', 'Warehouse', 90, 30, '2026-06-14 09:00:00') ON CONFLICT (id) DO NOTHING;
INSERT INTO inventory (id, product_id, store_id, warehouse_id, location_type, quantity, reorder_level, created_at) VALUES ('985d6609-33f8-56e7-932c-831e97025a14', 'eac38e9d-0baa-5516-b7a3-382567a0537b', NULL, '6cb2b5b0-d922-5c7d-84cd-cadce836d54b', 'Warehouse', 95, 30, '2026-06-15 09:00:00') ON CONFLICT (id) DO NOTHING;
INSERT INTO stock_requests (id, store_id, product_id, requested_by, requested_quantity, priority, status, remarks, created_at, updated_at) VALUES ('344cdcec-14c2-5448-9167-635b24223087', '19251c20-db66-4c18-85bd-44707c54db0c', 'ffa89759-3754-57b0-8cb0-951aa893873d', '4acff73d-efbe-5feb-a495-59e5a8663501', 6, 'Medium', 'Pending', 'Routine replenishment', '2026-06-01 10:00:00', '2026-06-01 11:00:00') ON CONFLICT (id) DO NOTHING;
INSERT INTO stock_requests (id, store_id, product_id, requested_by, requested_quantity, priority, status, remarks, created_at, updated_at) VALUES ('258f2aa4-3cde-595e-bf0e-24a352722e9d', 'b0925896-57bd-444a-a55b-0ba10cf62d68', 'b93c9037-e45c-5616-b6c5-251b9d07fd2c', 'be098895-c067-5837-bc3f-d937a716c97d', 7, 'Medium', 'Approved', 'Routine replenishment', '2026-06-02 10:00:00', '2026-06-02 11:00:00') ON CONFLICT (id) DO NOTHING;
INSERT INTO stock_requests (id, store_id, product_id, requested_by, requested_quantity, priority, status, remarks, created_at, updated_at) VALUES ('eea5696c-cbfe-54a1-9703-c5c1d258927c', 'e846d7ad-a126-5228-a333-c2adb3ea1716', '82b8019f-6f5e-54d0-90a4-154c21eb7662', '7a61837f-dc7f-51fe-a06d-25d4953a77e6', 8, 'High', 'Pending', 'Routine replenishment', '2026-06-03 10:00:00', '2026-06-03 11:00:00') ON CONFLICT (id) DO NOTHING;
INSERT INTO stock_requests (id, store_id, product_id, requested_by, requested_quantity, priority, status, remarks, created_at, updated_at) VALUES ('6f16dd77-3721-580a-bf23-8a47dfc72c9f', 'c51b3108-5442-56cc-9ace-a261ba544fdc', '2854e7f2-2a30-5188-b6f8-2a27cdb80756', 'fbf7118b-251a-59d9-b1da-d748075cded5', 9, 'Medium', 'Approved', 'Routine replenishment', '2026-06-04 10:00:00', '2026-06-04 11:00:00') ON CONFLICT (id) DO NOTHING;
INSERT INTO stock_requests (id, store_id, product_id, requested_by, requested_quantity, priority, status, remarks, created_at, updated_at) VALUES ('ee916858-9f66-5945-8730-a72e05e63365', 'f2182a92-1e3a-4ac9-b4c1-87a0a480667a', '2d871ed0-b8d0-5735-a3ae-2ec6939bbb7c', 'ff581bae-94c5-5553-b38d-b8776c0c57a9', 10, 'Medium', 'Pending', 'Routine replenishment', '2026-06-05 10:00:00', '2026-06-05 11:00:00') ON CONFLICT (id) DO NOTHING;
INSERT INTO stock_requests (id, store_id, product_id, requested_by, requested_quantity, priority, status, remarks, created_at, updated_at) VALUES ('5b434918-10ff-57bd-86db-f48ec2086f13', '19251c20-db66-4c18-85bd-44707c54db0c', '71d9e7f4-b6e9-5c05-88f3-60058fe88636', '76cd99df-94a9-5352-bbb4-3650f163f724', 11, 'High', 'Approved', 'Routine replenishment', '2026-06-06 10:00:00', '2026-06-06 11:00:00') ON CONFLICT (id) DO NOTHING;
INSERT INTO stock_requests (id, store_id, product_id, requested_by, requested_quantity, priority, status, remarks, created_at, updated_at) VALUES ('060da03d-5fa0-5eda-b9f5-810d07d21477', 'b0925896-57bd-444a-a55b-0ba10cf62d68', '2b699e43-ef17-5ff6-ab91-50f36b4ebc19', 'b5d4dcea-ddab-51bf-bccc-18f2510a937b', 12, 'Medium', 'Pending', 'Routine replenishment', '2026-06-07 10:00:00', '2026-06-07 11:00:00') ON CONFLICT (id) DO NOTHING;
INSERT INTO stock_requests (id, store_id, product_id, requested_by, requested_quantity, priority, status, remarks, created_at, updated_at) VALUES ('e83148eb-3676-5a3e-bfa7-c2eb0ccd15ab', 'e846d7ad-a126-5228-a333-c2adb3ea1716', 'd2395c46-7bc4-5499-80c2-0c7134b06b6e', '78ef4288-eb63-5163-b2ce-cf3c837f730c', 13, 'Medium', 'Approved', 'Routine replenishment', '2026-06-08 10:00:00', '2026-06-08 11:00:00') ON CONFLICT (id) DO NOTHING;
INSERT INTO stock_requests (id, store_id, product_id, requested_by, requested_quantity, priority, status, remarks, created_at, updated_at) VALUES ('3bebf463-0c78-5640-8439-7241537bf281', 'c51b3108-5442-56cc-9ace-a261ba544fdc', '80e7a593-5539-54f1-8478-009475d441a7', '4740a01d-2f0f-51e3-84af-26c3e1b3a010', 14, 'High', 'Pending', 'Routine replenishment', '2026-06-09 10:00:00', '2026-06-09 11:00:00') ON CONFLICT (id) DO NOTHING;
INSERT INTO stock_requests (id, store_id, product_id, requested_by, requested_quantity, priority, status, remarks, created_at, updated_at) VALUES ('d1423bbf-7f85-5c6e-b031-c39492bd298f', 'f2182a92-1e3a-4ac9-b4c1-87a0a480667a', 'c9f4f6e7-f9a0-59a5-b08e-553092f05b27', '07e41bd1-af7d-5ac5-8ab5-365a46c0f8e2', 15, 'Medium', 'Approved', 'Routine replenishment', '2026-06-10 10:00:00', '2026-06-10 11:00:00') ON CONFLICT (id) DO NOTHING;
INSERT INTO stock_requests (id, store_id, product_id, requested_by, requested_quantity, priority, status, remarks, created_at, updated_at) VALUES ('7ccfa864-8e8e-56ae-a13e-83cdb8fbcef6', '19251c20-db66-4c18-85bd-44707c54db0c', 'd6e64ae9-d551-5199-9612-6c7c659a833b', 'a97e4bd4-74de-55a8-81ed-2f8efd41aa82', 16, 'Medium', 'Pending', 'Routine replenishment', '2026-06-11 10:00:00', '2026-06-11 11:00:00') ON CONFLICT (id) DO NOTHING;
INSERT INTO stock_requests (id, store_id, product_id, requested_by, requested_quantity, priority, status, remarks, created_at, updated_at) VALUES ('c1c61dfc-5bbd-52ff-9438-3b4b5eed16ed', 'b0925896-57bd-444a-a55b-0ba10cf62d68', '33c6e3d6-3f23-591a-8fd8-4cb3f519217f', '9df52100-3d1a-56f1-96dd-e22d0d1c78ed', 17, 'High', 'Approved', 'Routine replenishment', '2026-06-12 10:00:00', '2026-06-12 11:00:00') ON CONFLICT (id) DO NOTHING;
INSERT INTO stock_requests (id, store_id, product_id, requested_by, requested_quantity, priority, status, remarks, created_at, updated_at) VALUES ('20ff895c-3fea-5f7c-af38-aeb29607b5fc', 'e846d7ad-a126-5228-a333-c2adb3ea1716', '159f31e9-17d0-53ed-aaab-a04570e9a22b', '978af2c3-1368-55ac-a691-3f43d7780446', 18, 'Medium', 'Pending', 'Routine replenishment', '2026-06-13 10:00:00', '2026-06-13 11:00:00') ON CONFLICT (id) DO NOTHING;
INSERT INTO stock_requests (id, store_id, product_id, requested_by, requested_quantity, priority, status, remarks, created_at, updated_at) VALUES ('82c70633-9af4-530b-88dd-04464d152880', 'c51b3108-5442-56cc-9ace-a261ba544fdc', 'fe7d492f-dfe2-5806-b400-322bbbf648f0', '3e69a6fe-d675-5bf4-8648-de545a20e5c4', 19, 'Medium', 'Approved', 'Routine replenishment', '2026-06-14 10:00:00', '2026-06-14 11:00:00') ON CONFLICT (id) DO NOTHING;
INSERT INTO stock_requests (id, store_id, product_id, requested_by, requested_quantity, priority, status, remarks, created_at, updated_at) VALUES ('e7ea0372-85ae-59e3-b6e3-f41c3e99cdee', 'f2182a92-1e3a-4ac9-b4c1-87a0a480667a', 'eac38e9d-0baa-5516-b7a3-382567a0537b', '616074b3-a876-57b7-bfc2-3c9c5ddb0ea9', 20, 'High', 'Pending', 'Routine replenishment', '2026-06-15 10:00:00', '2026-06-15 11:00:00') ON CONFLICT (id) DO NOTHING;
INSERT INTO shipments (id, shipment_type, source, destination, stock_request_id, asn_number, status, dispatch_date, received_date, created_at) VALUES ('e32528b7-1876-514f-bbee-a5e8d18a340c', 'DCToWarehouse', 'Distribution Centre', 'Central Warehouse', NULL, 'ASN-1001', 'Pending', '2026-06-01 09:00:00', NULL, '2026-06-01 08:00:00') ON CONFLICT (id) DO NOTHING;
INSERT INTO shipments (id, shipment_type, source, destination, stock_request_id, asn_number, status, dispatch_date, received_date, created_at) VALUES ('65c3a238-cbdc-5bd2-9a32-60bd5e255fa7', 'DCToWarehouse', 'Distribution Centre', 'Central Warehouse', NULL, 'ASN-1002', 'Pending', '2026-06-02 09:00:00', NULL, '2026-06-02 08:00:00') ON CONFLICT (id) DO NOTHING;
INSERT INTO shipments (id, shipment_type, source, destination, stock_request_id, asn_number, status, dispatch_date, received_date, created_at) VALUES ('26a03621-a81d-5dff-8670-da1e5f0dbf82', 'DCToWarehouse', 'Distribution Centre', 'Central Warehouse', NULL, 'ASN-1003', 'In Transit', '2026-06-03 09:00:00', NULL, '2026-06-03 08:00:00') ON CONFLICT (id) DO NOTHING;
INSERT INTO shipments (id, shipment_type, source, destination, stock_request_id, asn_number, status, dispatch_date, received_date, created_at) VALUES ('bcc24431-7c86-501b-8edf-f7653d2177ca', 'DCToWarehouse', 'Distribution Centre', 'Central Warehouse', NULL, 'ASN-1004', 'Pending', '2026-06-04 09:00:00', NULL, '2026-06-04 08:00:00') ON CONFLICT (id) DO NOTHING;
INSERT INTO shipments (id, shipment_type, source, destination, stock_request_id, asn_number, status, dispatch_date, received_date, created_at) VALUES ('e297362a-0298-5d18-9fce-94b9218dfe43', 'DCToWarehouse', 'Distribution Centre', 'Central Warehouse', NULL, 'ASN-1005', 'Pending', '2026-06-05 09:00:00', NULL, '2026-06-05 08:00:00') ON CONFLICT (id) DO NOTHING;
INSERT INTO shipments (id, shipment_type, source, destination, stock_request_id, asn_number, status, dispatch_date, received_date, created_at) VALUES ('782f6527-6527-5351-826f-695212d795ab', 'DCToWarehouse', 'Distribution Centre', 'Central Warehouse', NULL, 'ASN-1006', 'In Transit', '2026-06-06 09:00:00', NULL, '2026-06-06 08:00:00') ON CONFLICT (id) DO NOTHING;
INSERT INTO shipments (id, shipment_type, source, destination, stock_request_id, asn_number, status, dispatch_date, received_date, created_at) VALUES ('eb73bdf1-0ae4-59d9-bf96-742c0bedcfad', 'DCToWarehouse', 'Distribution Centre', 'Central Warehouse', NULL, 'ASN-1007', 'Pending', '2026-06-07 09:00:00', NULL, '2026-06-07 08:00:00') ON CONFLICT (id) DO NOTHING;
INSERT INTO shipments (id, shipment_type, source, destination, stock_request_id, asn_number, status, dispatch_date, received_date, created_at) VALUES ('65df48f7-b12c-5698-a70a-9bb84c9ce006', 'DCToWarehouse', 'Distribution Centre', 'Central Warehouse', NULL, 'ASN-1008', 'Pending', '2026-06-08 09:00:00', NULL, '2026-06-08 08:00:00') ON CONFLICT (id) DO NOTHING;
INSERT INTO shipments (id, shipment_type, source, destination, stock_request_id, asn_number, status, dispatch_date, received_date, created_at) VALUES ('2baddd20-d50c-5dec-91fa-1d91a5052186', 'WarehouseToStore', 'Central Warehouse', 'STORE005', '3bebf463-0c78-5640-8439-7241537bf281', 'ASN-1009', 'In Transit', '2026-06-09 09:00:00', NULL, '2026-06-09 08:00:00') ON CONFLICT (id) DO NOTHING;
INSERT INTO shipments (id, shipment_type, source, destination, stock_request_id, asn_number, status, dispatch_date, received_date, created_at) VALUES ('d60cd3b7-a422-5854-9f5c-cbc1b4ff6184', 'WarehouseToStore', 'Central Warehouse', 'STORE001', 'd1423bbf-7f85-5c6e-b031-c39492bd298f', 'ASN-1010', 'Pending', '2026-06-10 09:00:00', NULL, '2026-06-10 08:00:00') ON CONFLICT (id) DO NOTHING;
INSERT INTO shipments (id, shipment_type, source, destination, stock_request_id, asn_number, status, dispatch_date, received_date, created_at) VALUES ('dc3d2cba-07b4-5292-bd1a-e55c0ab3c848', 'WarehouseToStore', 'Central Warehouse', 'STORE002', '7ccfa864-8e8e-56ae-a13e-83cdb8fbcef6', 'ASN-1011', 'Pending', '2026-06-11 09:00:00', NULL, '2026-06-11 08:00:00') ON CONFLICT (id) DO NOTHING;
INSERT INTO shipments (id, shipment_type, source, destination, stock_request_id, asn_number, status, dispatch_date, received_date, created_at) VALUES ('84105e6b-b4dc-5edd-983e-73a75443a586', 'WarehouseToStore', 'Central Warehouse', 'STORE003', 'c1c61dfc-5bbd-52ff-9438-3b4b5eed16ed', 'ASN-1012', 'In Transit', '2026-06-12 09:00:00', NULL, '2026-06-12 08:00:00') ON CONFLICT (id) DO NOTHING;
INSERT INTO shipments (id, shipment_type, source, destination, stock_request_id, asn_number, status, dispatch_date, received_date, created_at) VALUES ('918b395f-6fc0-5e7a-bed7-f85d045b98f7', 'WarehouseToStore', 'Central Warehouse', 'STORE004', '20ff895c-3fea-5f7c-af38-aeb29607b5fc', 'ASN-1013', 'Pending', '2026-06-13 09:00:00', NULL, '2026-06-13 08:00:00') ON CONFLICT (id) DO NOTHING;
INSERT INTO shipments (id, shipment_type, source, destination, stock_request_id, asn_number, status, dispatch_date, received_date, created_at) VALUES ('b96e6eed-192a-5f17-8e30-9d4712054caa', 'WarehouseToStore', 'Central Warehouse', 'STORE005', '82c70633-9af4-530b-88dd-04464d152880', 'ASN-1014', 'Pending', '2026-06-14 09:00:00', NULL, '2026-06-14 08:00:00') ON CONFLICT (id) DO NOTHING;
INSERT INTO shipments (id, shipment_type, source, destination, stock_request_id, asn_number, status, dispatch_date, received_date, created_at) VALUES ('dce4ed01-4764-56bf-adb2-fa4ea4d974f2', 'WarehouseToStore', 'Central Warehouse', 'STORE001', 'e7ea0372-85ae-59e3-b6e3-f41c3e99cdee', 'ASN-1015', 'In Transit', '2026-06-15 09:00:00', NULL, '2026-06-15 08:00:00') ON CONFLICT (id) DO NOTHING;
INSERT INTO shipment_items (id, shipment_id, product_id, expected_quantity, received_quantity, status) VALUES ('83fc871c-e9eb-5a4f-a170-44938fa3c476', 'e32528b7-1876-514f-bbee-a5e8d18a340c', 'ffa89759-3754-57b0-8cb0-951aa893873d', 21, 20, 'Missing') ON CONFLICT (id) DO NOTHING;
INSERT INTO shipment_items (id, shipment_id, product_id, expected_quantity, received_quantity, status) VALUES ('c0cfc1db-e92c-59bb-aa0d-bf739b561a10', '65c3a238-cbdc-5bd2-9a32-60bd5e255fa7', 'b93c9037-e45c-5616-b6c5-251b9d07fd2c', 22, 20, 'Missing') ON CONFLICT (id) DO NOTHING;
INSERT INTO shipment_items (id, shipment_id, product_id, expected_quantity, received_quantity, status) VALUES ('07e3de78-679b-5181-9e44-991de39a2beb', '26a03621-a81d-5dff-8670-da1e5f0dbf82', '82b8019f-6f5e-54d0-90a4-154c21eb7662', 23, 23, 'Matched') ON CONFLICT (id) DO NOTHING;
INSERT INTO shipment_items (id, shipment_id, product_id, expected_quantity, received_quantity, status) VALUES ('bb1f5aed-f813-513c-bba4-12eb55eaeab6', 'bcc24431-7c86-501b-8edf-f7653d2177ca', '2854e7f2-2a30-5188-b6f8-2a27cdb80756', 24, 23, 'Missing') ON CONFLICT (id) DO NOTHING;
INSERT INTO shipment_items (id, shipment_id, product_id, expected_quantity, received_quantity, status) VALUES ('44c56d6d-90f9-5545-88ad-4071ed16ce19', 'e297362a-0298-5d18-9fce-94b9218dfe43', '2d871ed0-b8d0-5735-a3ae-2ec6939bbb7c', 25, 23, 'Missing') ON CONFLICT (id) DO NOTHING;
INSERT INTO shipment_items (id, shipment_id, product_id, expected_quantity, received_quantity, status) VALUES ('e17f8eaf-dae8-5f52-ba0e-1069538d044a', '782f6527-6527-5351-826f-695212d795ab', '71d9e7f4-b6e9-5c05-88f3-60058fe88636', 26, 26, 'Matched') ON CONFLICT (id) DO NOTHING;
INSERT INTO shipment_items (id, shipment_id, product_id, expected_quantity, received_quantity, status) VALUES ('756f8a69-5456-5fb6-b160-be5051b58e4d', 'eb73bdf1-0ae4-59d9-bf96-742c0bedcfad', '2b699e43-ef17-5ff6-ab91-50f36b4ebc19', 27, 26, 'Missing') ON CONFLICT (id) DO NOTHING;
INSERT INTO shipment_items (id, shipment_id, product_id, expected_quantity, received_quantity, status) VALUES ('b2782e4d-43d4-5821-9cf6-83f34e092f50', '65df48f7-b12c-5698-a70a-9bb84c9ce006', 'd2395c46-7bc4-5499-80c2-0c7134b06b6e', 28, 26, 'Missing') ON CONFLICT (id) DO NOTHING;
INSERT INTO shipment_items (id, shipment_id, product_id, expected_quantity, received_quantity, status) VALUES ('ff4b320f-72ac-5552-bbc6-e56d40b9a245', '2baddd20-d50c-5dec-91fa-1d91a5052186', '80e7a593-5539-54f1-8478-009475d441a7', 29, 29, 'Matched') ON CONFLICT (id) DO NOTHING;
INSERT INTO shipment_items (id, shipment_id, product_id, expected_quantity, received_quantity, status) VALUES ('193ed1e2-3fb5-5152-90b3-0c96167f25ff', 'd60cd3b7-a422-5854-9f5c-cbc1b4ff6184', 'c9f4f6e7-f9a0-59a5-b08e-553092f05b27', 30, 29, 'Missing') ON CONFLICT (id) DO NOTHING;
INSERT INTO shipment_items (id, shipment_id, product_id, expected_quantity, received_quantity, status) VALUES ('3065319e-9951-5861-b520-20af5a2a60ab', 'dc3d2cba-07b4-5292-bd1a-e55c0ab3c848', 'd6e64ae9-d551-5199-9612-6c7c659a833b', 31, 29, 'Missing') ON CONFLICT (id) DO NOTHING;
INSERT INTO shipment_items (id, shipment_id, product_id, expected_quantity, received_quantity, status) VALUES ('bf381f73-a7db-592e-8a08-f6d338bda22c', '84105e6b-b4dc-5edd-983e-73a75443a586', '33c6e3d6-3f23-591a-8fd8-4cb3f519217f', 32, 32, 'Matched') ON CONFLICT (id) DO NOTHING;
INSERT INTO shipment_items (id, shipment_id, product_id, expected_quantity, received_quantity, status) VALUES ('871fca3e-ed00-5979-b96b-5d4bb3d1db56', '918b395f-6fc0-5e7a-bed7-f85d045b98f7', '159f31e9-17d0-53ed-aaab-a04570e9a22b', 33, 32, 'Missing') ON CONFLICT (id) DO NOTHING;
INSERT INTO shipment_items (id, shipment_id, product_id, expected_quantity, received_quantity, status) VALUES ('65f38684-89a4-5334-8542-87b2e50c2066', 'b96e6eed-192a-5f17-8e30-9d4712054caa', 'fe7d492f-dfe2-5806-b400-322bbbf648f0', 34, 32, 'Missing') ON CONFLICT (id) DO NOTHING;
INSERT INTO shipment_items (id, shipment_id, product_id, expected_quantity, received_quantity, status) VALUES ('e9d37da4-abe1-5bc5-9621-37cebf7a8b98', 'dce4ed01-4764-56bf-adb2-fa4ea4d974f2', 'eac38e9d-0baa-5516-b7a3-382567a0537b', 35, 35, 'Matched') ON CONFLICT (id) DO NOTHING;
INSERT INTO transfers (id, stock_request_id, source_store_id, destination_store_id, approved_by, status, transfer_date, completed_at) VALUES ('8cf45f98-335d-5912-9928-54c6c7452808', '344cdcec-14c2-5448-9167-635b24223087', '19251c20-db66-4c18-85bd-44707c54db0c', 'b0925896-57bd-444a-a55b-0ba10cf62d68', '18fa52f4-18c3-5065-8da7-fb0ee7c1ec24', 'Approved', '2026-06-01 12:00:00', NULL) ON CONFLICT (id) DO NOTHING;
INSERT INTO transfers (id, stock_request_id, source_store_id, destination_store_id, approved_by, status, transfer_date, completed_at) VALUES ('4ed64abf-cd5a-556b-b80f-1225f4ac06ad', '258f2aa4-3cde-595e-bf0e-24a352722e9d', 'b0925896-57bd-444a-a55b-0ba10cf62d68', 'e846d7ad-a126-5228-a333-c2adb3ea1716', '18fa52f4-18c3-5065-8da7-fb0ee7c1ec24', 'Pending', '2026-06-02 12:00:00', NULL) ON CONFLICT (id) DO NOTHING;
INSERT INTO transfers (id, stock_request_id, source_store_id, destination_store_id, approved_by, status, transfer_date, completed_at) VALUES ('238667a1-0051-5198-8b1e-a0a1889533cf', 'eea5696c-cbfe-54a1-9703-c5c1d258927c', 'e846d7ad-a126-5228-a333-c2adb3ea1716', 'c51b3108-5442-56cc-9ace-a261ba544fdc', '18fa52f4-18c3-5065-8da7-fb0ee7c1ec24', 'Approved', '2026-06-03 12:00:00', NULL) ON CONFLICT (id) DO NOTHING;
INSERT INTO transfers (id, stock_request_id, source_store_id, destination_store_id, approved_by, status, transfer_date, completed_at) VALUES ('0e77e5f1-ed6e-5b29-8ffc-b9b10993968a', '6f16dd77-3721-580a-bf23-8a47dfc72c9f', 'c51b3108-5442-56cc-9ace-a261ba544fdc', 'f2182a92-1e3a-4ac9-b4c1-87a0a480667a', '18fa52f4-18c3-5065-8da7-fb0ee7c1ec24', 'Pending', '2026-06-04 12:00:00', NULL) ON CONFLICT (id) DO NOTHING;
INSERT INTO transfers (id, stock_request_id, source_store_id, destination_store_id, approved_by, status, transfer_date, completed_at) VALUES ('6c9bab51-46e8-5b86-a993-1337eb257cc0', 'ee916858-9f66-5945-8730-a72e05e63365', 'f2182a92-1e3a-4ac9-b4c1-87a0a480667a', '19251c20-db66-4c18-85bd-44707c54db0c', '18fa52f4-18c3-5065-8da7-fb0ee7c1ec24', 'Approved', '2026-06-05 12:00:00', NULL) ON CONFLICT (id) DO NOTHING;
INSERT INTO transfers (id, stock_request_id, source_store_id, destination_store_id, approved_by, status, transfer_date, completed_at) VALUES ('6f4b2b0a-b8a3-5fd4-b2fe-370036c766e3', '5b434918-10ff-57bd-86db-f48ec2086f13', '19251c20-db66-4c18-85bd-44707c54db0c', 'b0925896-57bd-444a-a55b-0ba10cf62d68', '18fa52f4-18c3-5065-8da7-fb0ee7c1ec24', 'Pending', '2026-06-06 12:00:00', NULL) ON CONFLICT (id) DO NOTHING;
INSERT INTO transfers (id, stock_request_id, source_store_id, destination_store_id, approved_by, status, transfer_date, completed_at) VALUES ('534e66fa-06a3-5547-a657-19c9a9e91316', '060da03d-5fa0-5eda-b9f5-810d07d21477', 'b0925896-57bd-444a-a55b-0ba10cf62d68', 'e846d7ad-a126-5228-a333-c2adb3ea1716', '18fa52f4-18c3-5065-8da7-fb0ee7c1ec24', 'Approved', '2026-06-07 12:00:00', NULL) ON CONFLICT (id) DO NOTHING;
INSERT INTO transfers (id, stock_request_id, source_store_id, destination_store_id, approved_by, status, transfer_date, completed_at) VALUES ('fd6bedc5-fc9e-5371-b0ad-6017a3a23192', 'e83148eb-3676-5a3e-bfa7-c2eb0ccd15ab', 'e846d7ad-a126-5228-a333-c2adb3ea1716', 'c51b3108-5442-56cc-9ace-a261ba544fdc', '18fa52f4-18c3-5065-8da7-fb0ee7c1ec24', 'Pending', '2026-06-08 12:00:00', NULL) ON CONFLICT (id) DO NOTHING;
INSERT INTO transfers (id, stock_request_id, source_store_id, destination_store_id, approved_by, status, transfer_date, completed_at) VALUES ('fa0a82b3-d8c6-52a2-b4a2-c9aa94c2a9ef', '3bebf463-0c78-5640-8439-7241537bf281', 'c51b3108-5442-56cc-9ace-a261ba544fdc', 'f2182a92-1e3a-4ac9-b4c1-87a0a480667a', '18fa52f4-18c3-5065-8da7-fb0ee7c1ec24', 'Approved', '2026-06-09 12:00:00', NULL) ON CONFLICT (id) DO NOTHING;
INSERT INTO transfers (id, stock_request_id, source_store_id, destination_store_id, approved_by, status, transfer_date, completed_at) VALUES ('7fac9f21-1f84-5c0c-9197-f6ce5ba03fc1', 'd1423bbf-7f85-5c6e-b031-c39492bd298f', 'f2182a92-1e3a-4ac9-b4c1-87a0a480667a', '19251c20-db66-4c18-85bd-44707c54db0c', '18fa52f4-18c3-5065-8da7-fb0ee7c1ec24', 'Pending', '2026-06-10 12:00:00', NULL) ON CONFLICT (id) DO NOTHING;
INSERT INTO transfers (id, stock_request_id, source_store_id, destination_store_id, approved_by, status, transfer_date, completed_at) VALUES ('79a8ff79-f701-5f35-ba81-73b7cb7bde1f', '7ccfa864-8e8e-56ae-a13e-83cdb8fbcef6', '19251c20-db66-4c18-85bd-44707c54db0c', 'b0925896-57bd-444a-a55b-0ba10cf62d68', '18fa52f4-18c3-5065-8da7-fb0ee7c1ec24', 'Approved', '2026-06-11 12:00:00', NULL) ON CONFLICT (id) DO NOTHING;
INSERT INTO transfers (id, stock_request_id, source_store_id, destination_store_id, approved_by, status, transfer_date, completed_at) VALUES ('8aeedb04-1ae9-5fcc-8851-9d88f0d5b7ca', 'c1c61dfc-5bbd-52ff-9438-3b4b5eed16ed', 'b0925896-57bd-444a-a55b-0ba10cf62d68', 'e846d7ad-a126-5228-a333-c2adb3ea1716', '18fa52f4-18c3-5065-8da7-fb0ee7c1ec24', 'Pending', '2026-06-12 12:00:00', NULL) ON CONFLICT (id) DO NOTHING;
INSERT INTO transfers (id, stock_request_id, source_store_id, destination_store_id, approved_by, status, transfer_date, completed_at) VALUES ('6b6f9f8c-b6c7-5555-abdf-e83077242889', '20ff895c-3fea-5f7c-af38-aeb29607b5fc', 'e846d7ad-a126-5228-a333-c2adb3ea1716', 'c51b3108-5442-56cc-9ace-a261ba544fdc', '18fa52f4-18c3-5065-8da7-fb0ee7c1ec24', 'Approved', '2026-06-13 12:00:00', NULL) ON CONFLICT (id) DO NOTHING;
INSERT INTO transfers (id, stock_request_id, source_store_id, destination_store_id, approved_by, status, transfer_date, completed_at) VALUES ('ce439563-15c0-5329-860c-1598652ae586', '82c70633-9af4-530b-88dd-04464d152880', 'c51b3108-5442-56cc-9ace-a261ba544fdc', 'f2182a92-1e3a-4ac9-b4c1-87a0a480667a', '18fa52f4-18c3-5065-8da7-fb0ee7c1ec24', 'Pending', '2026-06-14 12:00:00', NULL) ON CONFLICT (id) DO NOTHING;
INSERT INTO transfers (id, stock_request_id, source_store_id, destination_store_id, approved_by, status, transfer_date, completed_at) VALUES ('21586d66-6c12-5f07-b077-15b6ad124d13', 'e7ea0372-85ae-59e3-b6e3-f41c3e99cdee', 'f2182a92-1e3a-4ac9-b4c1-87a0a480667a', '19251c20-db66-4c18-85bd-44707c54db0c', '18fa52f4-18c3-5065-8da7-fb0ee7c1ec24', 'Approved', '2026-06-15 12:00:00', NULL) ON CONFLICT (id) DO NOTHING;
INSERT INTO cycle_counts (id, warehouse_id, scheduled_date, completed_date, status, created_by, remarks, created_at) VALUES ('b450d556-4802-5192-904b-2fb4220357cf', '6cb2b5b0-d922-5c7d-84cd-cadce836d54b', '2026-07-01', '2026-07-01 00:00:00', 'Completed', '18fa52f4-18c3-5065-8da7-fb0ee7c1ec24', 'Monthly audit', '2026-06-01 09:00:00') ON CONFLICT (id) DO NOTHING;
INSERT INTO cycle_counts (id, warehouse_id, scheduled_date, completed_date, status, created_by, remarks, created_at) VALUES ('ddfc330c-3bc5-55f4-887e-7dec9259a01e', '6cb2b5b0-d922-5c7d-84cd-cadce836d54b', '2026-07-02', '2026-07-02 00:00:00', 'Completed', '18fa52f4-18c3-5065-8da7-fb0ee7c1ec24', 'Monthly audit', '2026-06-02 09:00:00') ON CONFLICT (id) DO NOTHING;
INSERT INTO cycle_counts (id, warehouse_id, scheduled_date, completed_date, status, created_by, remarks, created_at) VALUES ('237943d1-ed7b-5036-a786-cf508a4fe722', '6cb2b5b0-d922-5c7d-84cd-cadce836d54b', '2026-07-03', '2026-07-03 00:00:00', 'Completed', '18fa52f4-18c3-5065-8da7-fb0ee7c1ec24', 'Monthly audit', '2026-06-03 09:00:00') ON CONFLICT (id) DO NOTHING;
INSERT INTO cycle_counts (id, warehouse_id, scheduled_date, completed_date, status, created_by, remarks, created_at) VALUES ('be112729-a3ea-5fe3-822c-6a61674a0a1d', '6cb2b5b0-d922-5c7d-84cd-cadce836d54b', '2026-07-04', '2026-07-04 00:00:00', 'Completed', '18fa52f4-18c3-5065-8da7-fb0ee7c1ec24', 'Monthly audit', '2026-06-04 09:00:00') ON CONFLICT (id) DO NOTHING;
INSERT INTO cycle_counts (id, warehouse_id, scheduled_date, completed_date, status, created_by, remarks, created_at) VALUES ('ab569216-9e96-5252-ac32-95af9e5b9579', '6cb2b5b0-d922-5c7d-84cd-cadce836d54b', '2026-07-05', '2026-07-05 00:00:00', 'Completed', '18fa52f4-18c3-5065-8da7-fb0ee7c1ec24', 'Monthly audit', '2026-06-05 09:00:00') ON CONFLICT (id) DO NOTHING;
INSERT INTO cycle_counts (id, warehouse_id, scheduled_date, completed_date, status, created_by, remarks, created_at) VALUES ('4ae3a7bd-d6ea-5cc8-8c94-580f46c928ca', '6cb2b5b0-d922-5c7d-84cd-cadce836d54b', '2026-07-06', NULL, 'Scheduled', '18fa52f4-18c3-5065-8da7-fb0ee7c1ec24', 'Monthly audit', '2026-06-06 09:00:00') ON CONFLICT (id) DO NOTHING;
INSERT INTO cycle_counts (id, warehouse_id, scheduled_date, completed_date, status, created_by, remarks, created_at) VALUES ('034f02cf-e34d-53ff-8440-cda194a0f46c', '6cb2b5b0-d922-5c7d-84cd-cadce836d54b', '2026-07-07', NULL, 'Scheduled', '18fa52f4-18c3-5065-8da7-fb0ee7c1ec24', 'Monthly audit', '2026-06-07 09:00:00') ON CONFLICT (id) DO NOTHING;
INSERT INTO cycle_counts (id, warehouse_id, scheduled_date, completed_date, status, created_by, remarks, created_at) VALUES ('ded9811c-615a-59b4-a192-50b6bd89db06', '6cb2b5b0-d922-5c7d-84cd-cadce836d54b', '2026-07-08', NULL, 'Scheduled', '18fa52f4-18c3-5065-8da7-fb0ee7c1ec24', 'Monthly audit', '2026-06-08 09:00:00') ON CONFLICT (id) DO NOTHING;
INSERT INTO cycle_counts (id, warehouse_id, scheduled_date, completed_date, status, created_by, remarks, created_at) VALUES ('c02e9d95-8d7c-5794-91d2-373f3924d5a5', '6cb2b5b0-d922-5c7d-84cd-cadce836d54b', '2026-07-09', NULL, 'Scheduled', '18fa52f4-18c3-5065-8da7-fb0ee7c1ec24', 'Monthly audit', '2026-06-09 09:00:00') ON CONFLICT (id) DO NOTHING;
INSERT INTO cycle_counts (id, warehouse_id, scheduled_date, completed_date, status, created_by, remarks, created_at) VALUES ('1a7ed991-61d1-58bb-923a-7a62b3bf94f2', '6cb2b5b0-d922-5c7d-84cd-cadce836d54b', '2026-07-10', NULL, 'Scheduled', '18fa52f4-18c3-5065-8da7-fb0ee7c1ec24', 'Monthly audit', '2026-06-10 09:00:00') ON CONFLICT (id) DO NOTHING;
INSERT INTO cycle_counts (id, warehouse_id, scheduled_date, completed_date, status, created_by, remarks, created_at) VALUES ('148ae279-c0b1-5e3f-9227-4b4e907cc66c', '6cb2b5b0-d922-5c7d-84cd-cadce836d54b', '2026-07-11', NULL, 'Scheduled', '18fa52f4-18c3-5065-8da7-fb0ee7c1ec24', 'Monthly audit', '2026-06-11 09:00:00') ON CONFLICT (id) DO NOTHING;
INSERT INTO cycle_counts (id, warehouse_id, scheduled_date, completed_date, status, created_by, remarks, created_at) VALUES ('7b1ee3bf-8368-5312-9b76-89586cfcbd42', '6cb2b5b0-d922-5c7d-84cd-cadce836d54b', '2026-07-12', NULL, 'Scheduled', '18fa52f4-18c3-5065-8da7-fb0ee7c1ec24', 'Monthly audit', '2026-06-12 09:00:00') ON CONFLICT (id) DO NOTHING;
INSERT INTO cycle_counts (id, warehouse_id, scheduled_date, completed_date, status, created_by, remarks, created_at) VALUES ('20d8c6e0-49ff-54af-be15-75a8c0e3f59c', '6cb2b5b0-d922-5c7d-84cd-cadce836d54b', '2026-07-13', NULL, 'Scheduled', '18fa52f4-18c3-5065-8da7-fb0ee7c1ec24', 'Monthly audit', '2026-06-13 09:00:00') ON CONFLICT (id) DO NOTHING;
INSERT INTO cycle_counts (id, warehouse_id, scheduled_date, completed_date, status, created_by, remarks, created_at) VALUES ('02d5d3f2-1dbc-5cee-83c2-1ffc703d335d', '6cb2b5b0-d922-5c7d-84cd-cadce836d54b', '2026-07-14', NULL, 'Scheduled', '18fa52f4-18c3-5065-8da7-fb0ee7c1ec24', 'Monthly audit', '2026-06-14 09:00:00') ON CONFLICT (id) DO NOTHING;
INSERT INTO cycle_counts (id, warehouse_id, scheduled_date, completed_date, status, created_by, remarks, created_at) VALUES ('06399ecd-7ca6-5771-8f2d-612513a9f291', '6cb2b5b0-d922-5c7d-84cd-cadce836d54b', '2026-07-15', NULL, 'Scheduled', '18fa52f4-18c3-5065-8da7-fb0ee7c1ec24', 'Monthly audit', '2026-06-15 09:00:00') ON CONFLICT (id) DO NOTHING;
INSERT INTO inventory_exceptions (id, shipment_id, store_id, product_id, exception_type, priority, status, remarks, reported_by, created_at, resolved_at) VALUES ('de4a7651-8693-5b90-8efd-423947237f62', 'e32528b7-1876-514f-bbee-a5e8d18a340c', NULL, 'ffa89759-3754-57b0-8cb0-951aa893873d', 'Extra Item', 'High', 'Open', 'Needs review', '18fa52f4-18c3-5065-8da7-fb0ee7c1ec24', '2026-06-01 14:00:00', NULL) ON CONFLICT (id) DO NOTHING;
INSERT INTO inventory_exceptions (id, shipment_id, store_id, product_id, exception_type, priority, status, remarks, reported_by, created_at, resolved_at) VALUES ('d181051f-97c7-541b-9962-16afb26faa7f', '65c3a238-cbdc-5bd2-9a32-60bd5e255fa7', NULL, 'b93c9037-e45c-5616-b6c5-251b9d07fd2c', 'Shipment Mismatch', 'Medium', 'Open', 'Needs review', '18fa52f4-18c3-5065-8da7-fb0ee7c1ec24', '2026-06-02 14:00:00', NULL) ON CONFLICT (id) DO NOTHING;
INSERT INTO inventory_exceptions (id, shipment_id, store_id, product_id, exception_type, priority, status, remarks, reported_by, created_at, resolved_at) VALUES ('ffe15e96-b289-5346-bb46-df759902ff4f', '26a03621-a81d-5dff-8670-da1e5f0dbf82', NULL, '82b8019f-6f5e-54d0-90a4-154c21eb7662', 'Duplicate QR', 'High', 'Open', 'Needs review', '18fa52f4-18c3-5065-8da7-fb0ee7c1ec24', '2026-06-03 14:00:00', NULL) ON CONFLICT (id) DO NOTHING;
INSERT INTO inventory_exceptions (id, shipment_id, store_id, product_id, exception_type, priority, status, remarks, reported_by, created_at, resolved_at) VALUES ('1e5728d4-6f5c-5093-8aa7-4d739ab23799', 'bcc24431-7c86-501b-8edf-f7653d2177ca', NULL, '2854e7f2-2a30-5188-b6f8-2a27cdb80756', 'Quantity Mismatch', 'Medium', 'Open', 'Needs review', '18fa52f4-18c3-5065-8da7-fb0ee7c1ec24', '2026-06-04 14:00:00', NULL) ON CONFLICT (id) DO NOTHING;
INSERT INTO inventory_exceptions (id, shipment_id, store_id, product_id, exception_type, priority, status, remarks, reported_by, created_at, resolved_at) VALUES ('32eae5cc-4c4c-58bd-b000-90f21e6d9913', 'e297362a-0298-5d18-9fce-94b9218dfe43', NULL, '2d871ed0-b8d0-5735-a3ae-2ec6939bbb7c', 'Missing Item', 'High', 'Open', 'Needs review', '18fa52f4-18c3-5065-8da7-fb0ee7c1ec24', '2026-06-05 14:00:00', NULL) ON CONFLICT (id) DO NOTHING;
INSERT INTO inventory_exceptions (id, shipment_id, store_id, product_id, exception_type, priority, status, remarks, reported_by, created_at, resolved_at) VALUES ('e9dd483a-6648-5e23-961b-71571d47a601', '782f6527-6527-5351-826f-695212d795ab', NULL, '71d9e7f4-b6e9-5c05-88f3-60058fe88636', 'Extra Item', 'Medium', 'Open', 'Needs review', '18fa52f4-18c3-5065-8da7-fb0ee7c1ec24', '2026-06-06 14:00:00', NULL) ON CONFLICT (id) DO NOTHING;
INSERT INTO inventory_exceptions (id, shipment_id, store_id, product_id, exception_type, priority, status, remarks, reported_by, created_at, resolved_at) VALUES ('b16beea8-1aba-5ac7-9674-5d0b95a2f22d', 'eb73bdf1-0ae4-59d9-bf96-742c0bedcfad', NULL, '2b699e43-ef17-5ff6-ab91-50f36b4ebc19', 'Shipment Mismatch', 'High', 'Open', 'Needs review', '18fa52f4-18c3-5065-8da7-fb0ee7c1ec24', '2026-06-07 14:00:00', NULL) ON CONFLICT (id) DO NOTHING;
INSERT INTO inventory_exceptions (id, shipment_id, store_id, product_id, exception_type, priority, status, remarks, reported_by, created_at, resolved_at) VALUES ('00494658-b85e-5de9-8997-6279eba4549d', '65df48f7-b12c-5698-a70a-9bb84c9ce006', NULL, 'd2395c46-7bc4-5499-80c2-0c7134b06b6e', 'Duplicate QR', 'Medium', 'Open', 'Needs review', '18fa52f4-18c3-5065-8da7-fb0ee7c1ec24', '2026-06-08 14:00:00', NULL) ON CONFLICT (id) DO NOTHING;
INSERT INTO inventory_exceptions (id, shipment_id, store_id, product_id, exception_type, priority, status, remarks, reported_by, created_at, resolved_at) VALUES ('613badda-54b6-5748-962c-377b6ec9eb50', '2baddd20-d50c-5dec-91fa-1d91a5052186', NULL, '80e7a593-5539-54f1-8478-009475d441a7', 'Quantity Mismatch', 'High', 'Open', 'Needs review', '18fa52f4-18c3-5065-8da7-fb0ee7c1ec24', '2026-06-09 14:00:00', NULL) ON CONFLICT (id) DO NOTHING;
INSERT INTO inventory_exceptions (id, shipment_id, store_id, product_id, exception_type, priority, status, remarks, reported_by, created_at, resolved_at) VALUES ('4831053a-df4b-5fc3-af14-225b38cb2bee', 'd60cd3b7-a422-5854-9f5c-cbc1b4ff6184', NULL, 'c9f4f6e7-f9a0-59a5-b08e-553092f05b27', 'Missing Item', 'Medium', 'Open', 'Needs review', '18fa52f4-18c3-5065-8da7-fb0ee7c1ec24', '2026-06-10 14:00:00', NULL) ON CONFLICT (id) DO NOTHING;
INSERT INTO inventory_exceptions (id, shipment_id, store_id, product_id, exception_type, priority, status, remarks, reported_by, created_at, resolved_at) VALUES ('00703e0f-b4b8-5984-bbe0-b329a6f124c9', 'dc3d2cba-07b4-5292-bd1a-e55c0ab3c848', NULL, 'd6e64ae9-d551-5199-9612-6c7c659a833b', 'Extra Item', 'High', 'Open', 'Needs review', '18fa52f4-18c3-5065-8da7-fb0ee7c1ec24', '2026-06-11 14:00:00', NULL) ON CONFLICT (id) DO NOTHING;
INSERT INTO inventory_exceptions (id, shipment_id, store_id, product_id, exception_type, priority, status, remarks, reported_by, created_at, resolved_at) VALUES ('e9756e6e-2b81-57cc-b991-721e57930b03', '84105e6b-b4dc-5edd-983e-73a75443a586', NULL, '33c6e3d6-3f23-591a-8fd8-4cb3f519217f', 'Shipment Mismatch', 'Medium', 'Open', 'Needs review', '18fa52f4-18c3-5065-8da7-fb0ee7c1ec24', '2026-06-12 14:00:00', NULL) ON CONFLICT (id) DO NOTHING;
INSERT INTO inventory_exceptions (id, shipment_id, store_id, product_id, exception_type, priority, status, remarks, reported_by, created_at, resolved_at) VALUES ('510ebc8f-d0dc-56fc-b785-b812cfb75274', '918b395f-6fc0-5e7a-bed7-f85d045b98f7', NULL, '159f31e9-17d0-53ed-aaab-a04570e9a22b', 'Duplicate QR', 'High', 'Open', 'Needs review', '18fa52f4-18c3-5065-8da7-fb0ee7c1ec24', '2026-06-13 14:00:00', NULL) ON CONFLICT (id) DO NOTHING;
INSERT INTO inventory_exceptions (id, shipment_id, store_id, product_id, exception_type, priority, status, remarks, reported_by, created_at, resolved_at) VALUES ('9675be84-a984-53f6-820a-238dc3219970', 'b96e6eed-192a-5f17-8e30-9d4712054caa', NULL, 'fe7d492f-dfe2-5806-b400-322bbbf648f0', 'Quantity Mismatch', 'Medium', 'Open', 'Needs review', '18fa52f4-18c3-5065-8da7-fb0ee7c1ec24', '2026-06-14 14:00:00', NULL) ON CONFLICT (id) DO NOTHING;
INSERT INTO inventory_exceptions (id, shipment_id, store_id, product_id, exception_type, priority, status, remarks, reported_by, created_at, resolved_at) VALUES ('31174852-db7f-5b3a-98d4-bf4e94342ec7', 'dce4ed01-4764-56bf-adb2-fa4ea4d974f2', NULL, 'eac38e9d-0baa-5516-b7a3-382567a0537b', 'Missing Item', 'High', 'Open', 'Needs review', '18fa52f4-18c3-5065-8da7-fb0ee7c1ec24', '2026-06-15 14:00:00', NULL) ON CONFLICT (id) DO NOTHING;
INSERT INTO notifications (id, user_id, title, message, notification_type, is_read, created_at) VALUES ('21641c69-0b0c-5761-bf2a-3bd39b2497ed', '18fa52f4-18c3-5065-8da7-fb0ee7c1ec24', 'Low Stock Alert', 'Warehouse stock for Rolex Submariner is below reorder level.', 'Low Stock', False, '2026-06-01 15:00:00') ON CONFLICT (id) DO NOTHING;
INSERT INTO notifications (id, user_id, title, message, notification_type, is_read, created_at) VALUES ('335ef63f-4718-5b6c-bcf0-c115bd681927', '18fa52f4-18c3-5065-8da7-fb0ee7c1ec24', 'Shipment Verification', 'Shipment ASN-1003 is awaiting verification.', 'Shipment', False, '2026-06-02 15:00:00') ON CONFLICT (id) DO NOTHING;
INSERT INTO notifications (id, user_id, title, message, notification_type, is_read, created_at) VALUES ('95f0b218-b94f-5c9f-815a-375b5e4ab681', '18fa52f4-18c3-5065-8da7-fb0ee7c1ec24', 'Cycle Count Audit', 'Cycle Count scheduled for Zone A.', 'Audit', False, '2026-06-03 15:00:00') ON CONFLICT (id) DO NOTHING;
INSERT INTO notifications (id, user_id, title, message, notification_type, is_read, created_at) VALUES ('b96fb2d6-0772-54f2-bd73-73e7a6db69c1', '18fa52f4-18c3-5065-8da7-fb0ee7c1ec24', 'Stock Request Approval', 'Stock Request SR008 requires approval.', 'Request', False, '2026-06-04 15:00:00') ON CONFLICT (id) DO NOTHING;
INSERT INTO notifications (id, user_id, title, message, notification_type, is_read, created_at) VALUES ('d589f3a4-ff8d-52a0-80d2-25c7fd3a08f5', '18fa52f4-18c3-5065-8da7-fb0ee7c1ec24', 'Inventory Discrepancy', 'Inventory discrepancy detected for ASN-1005.', 'Exception', False, '2026-06-05 15:00:00') ON CONFLICT (id) DO NOTHING;
INSERT INTO notifications (id, user_id, title, message, notification_type, is_read, created_at) VALUES ('0d335e95-7ba2-5b85-b913-0042d15c919c', '18fa52f4-18c3-5065-8da7-fb0ee7c1ec24', 'Low Stock Alert', 'Warehouse stock for Rolex Daytona is below reorder level.', 'Low Stock', False, '2026-06-06 15:00:00') ON CONFLICT (id) DO NOTHING;
INSERT INTO notifications (id, user_id, title, message, notification_type, is_read, created_at) VALUES ('4a2eb272-5404-5ef3-9fab-13e4ad5dd7df', '18fa52f4-18c3-5065-8da7-fb0ee7c1ec24', 'Shipment Verification', 'Shipment ASN-1007 is awaiting verification.', 'Shipment', False, '2026-06-07 15:00:00') ON CONFLICT (id) DO NOTHING;
INSERT INTO notifications (id, user_id, title, message, notification_type, is_read, created_at) VALUES ('09a48b7e-9cdd-5025-9346-051e0f2b736d', '18fa52f4-18c3-5065-8da7-fb0ee7c1ec24', 'Cycle Count Audit', 'Cycle Count scheduled for Zone C.', 'Audit', False, '2026-06-08 15:00:00') ON CONFLICT (id) DO NOTHING;
INSERT INTO notifications (id, user_id, title, message, notification_type, is_read, created_at) VALUES ('1b6128ad-3995-54f9-ac3e-212396df5873', '18fa52f4-18c3-5065-8da7-fb0ee7c1ec24', 'Stock Request Approval', 'Stock Request SR009 requires approval.', 'Request', False, '2026-06-09 15:00:00') ON CONFLICT (id) DO NOTHING;
INSERT INTO notifications (id, user_id, title, message, notification_type, is_read, created_at) VALUES ('a2273b85-1b75-5870-a278-7f8e5ba7405c', '18fa52f4-18c3-5065-8da7-fb0ee7c1ec24', 'Inventory Discrepancy', 'Inventory discrepancy detected for ASN-10010.', 'Exception', False, '2026-06-10 15:00:00') ON CONFLICT (id) DO NOTHING;
INSERT INTO notifications (id, user_id, title, message, notification_type, is_read, created_at) VALUES ('14cedd14-00c3-52b4-921e-1dcecfe79cf7', '18fa52f4-18c3-5065-8da7-fb0ee7c1ec24', 'Low Stock Alert', 'Warehouse stock for Rolex Daytona is below reorder level.', 'Low Stock', False, '2026-06-11 15:00:00') ON CONFLICT (id) DO NOTHING;
INSERT INTO notifications (id, user_id, title, message, notification_type, is_read, created_at) VALUES ('e71a4b9c-0df7-5177-b9e5-8e9feacfbb57', '18fa52f4-18c3-5065-8da7-fb0ee7c1ec24', 'Shipment Verification', 'Shipment ASN-10012 is awaiting verification.', 'Shipment', False, '2026-06-12 15:00:00') ON CONFLICT (id) DO NOTHING;
INSERT INTO notifications (id, user_id, title, message, notification_type, is_read, created_at) VALUES ('bfb79ea2-33a7-5002-917e-61f425fbd26a', '18fa52f4-18c3-5065-8da7-fb0ee7c1ec24', 'Cycle Count Audit', 'Cycle Count scheduled for Zone B.', 'Audit', False, '2026-06-13 15:00:00') ON CONFLICT (id) DO NOTHING;
INSERT INTO notifications (id, user_id, title, message, notification_type, is_read, created_at) VALUES ('d406ab6c-cbdc-54cb-a219-6ecd901c8c7d', '18fa52f4-18c3-5065-8da7-fb0ee7c1ec24', 'Stock Request Approval', 'Stock Request SR014 requires approval.', 'Request', False, '2026-06-14 15:00:00') ON CONFLICT (id) DO NOTHING;
INSERT INTO notifications (id, user_id, title, message, notification_type, is_read, created_at) VALUES ('852bdde7-cb10-5a64-a401-c0dce1a61810', '18fa52f4-18c3-5065-8da7-fb0ee7c1ec24', 'Inventory Discrepancy', 'Inventory discrepancy detected for ASN-10015.', 'Exception', False, '2026-06-15 15:00:00') ON CONFLICT (id) DO NOTHING;
